x,y
401,292
402,461
405,971
405,798
405,626
571,291
572,460
574,623
576,967
577,794
738,288
741,456
743,621
746,790
748,964
905,286
906,453
909,619
914,789
917,958
1071,285
1074,451
1076,618
1080,785
1085,954
1239,280
1242,614
1242,451
1246,779
1253,951
1407,443
1407,277
1410,613
1414,776
1420,948
